City_ID,City,Country,Date,Lat,Lng,Max Temp,Humidity,Cloudiness,Wind Speed
0,Hithadhoo,MV,2021-05-26 03:58:20,-0.6,73.0833,84.16,66,100,21.74
1,Ifo,NG,2021-05-26 04:03:04,6.8144,3.1958,77.11,93,100,4.14
2,Vaini,TO,2021-05-26 04:03:04,-21.2,-175.2,68.16,100,90,13.8
3,Mesyagutovo,RU,2021-05-26 04:03:05,55.5303,58.2528,58.53,65,72,11.32
4,Caraballeda,VE,2021-05-26 04:03:05,10.6112,-66.8522,79.38,80,54,9.04
5,Pangkalanbuun,ID,2021-05-26 04:01:34,-2.6833,111.6167,92.97,50,64,4.09
6,Hualmay,PE,2021-05-26 04:03:06,-11.0964,-77.6139,64.85,89,41,3.33
7,Mareeba,AU,2021-05-26 04:03:06,-17.0,145.4333,70.52,84,95,7.11
8,Clyde River,CA,2021-05-26 04:03:06,70.4692,-68.5914,23.23,93,99,17.27
9,Carnarvon,AU,2021-05-26 04:03:07,-24.8667,113.6333,75.34,41,100,13.42
10,Mataura,NZ,2021-05-26 03:58:22,-46.1927,168.8643,49.48,64,85,1.68
11,Hilo,US,2021-05-26 04:03:07,19.7297,-155.09,77.79,85,90,6.91
12,Dikson,RU,2021-05-26 03:59:05,73.5069,80.5464,27.01,83,25,10.25
13,Puerto Ayora,EC,2021-05-26 03:58:45,-0.7393,-90.3518,74.55,91,23,5.01
14,Guerrero Negro,MX,2021-05-26 04:03:08,27.9769,-114.0611,62.06,85,100,11.81
15,Turukhansk,RU,2021-05-26 04:03:09,65.8167,87.9833,37.69,52,22,18.19
16,Benghazi,LY,2021-05-26 04:03:09,32.1167,20.0667,72.14,57,2,11.99
17,Redcliffe,AU,2021-05-26 04:03:10,-27.2307,153.0973,80.15,56,20,1.88
18,Torbay,CA,2021-05-26 04:03:10,47.6666,-52.7314,44.58,93,100,3.0
19,Kochki,RU,2021-05-26 04:03:11,54.3358,80.4806,79.74,55,28,5.23
20,Kaitangata,NZ,2021-05-26 04:03:11,-46.2817,169.8464,46.71,59,69,2.75
21,Cape Town,ZA,2021-05-26 03:58:45,-33.9258,18.4232,57.09,79,20,1.01
22,Saskylakh,RU,2021-05-26 04:03:12,71.9167,114.0833,47.17,82,99,4.43
23,Jamestown,US,2021-05-26 04:03:12,42.097,-79.2353,76.59,68,1,8.05
24,Sitka,US,2021-05-26 03:59:08,57.0531,-135.33,48.09,87,90,8.05
25,Hermanus,ZA,2021-05-26 03:58:20,-34.4187,19.2345,55.9,65,82,5.73
26,Bluff,NZ,2021-05-26 04:03:13,-46.6,168.3333,49.8,54,79,2.24
27,Tiksi,RU,2021-05-26 04:03:13,71.6872,128.8694,36.5,87,7,2.84
28,Tabuk,PH,2021-05-26 04:03:14,17.4189,121.4443,95.31,43,5,6.11
29,Vagur,FO,2021-05-26 04:03:14,61.4732,-6.8119,44.78,90,70,22.41
30,Meulaboh,ID,2021-05-26 04:03:15,4.1363,96.1285,86.54,64,73,6.46
31,Butaritari,KI,2021-05-26 03:58:15,3.0707,172.7902,81.91,77,100,16.4
32,Upernavik,GL,2021-05-26 04:03:15,72.7868,-56.1549,27.93,90,63,8.99
33,Cherskiy,RU,2021-05-26 04:03:15,68.75,161.3,63.84,34,19,14.94
34,Stornoway,GB,2021-05-26 04:03:16,58.2093,-6.3865,51.93,87,90,12.66
35,Rikitea,PF,2021-05-26 04:03:16,-23.1203,-134.9692,77.77,82,57,17.25
36,Kalmunai,LK,2021-05-26 04:00:50,7.4167,81.8167,85.77,59,100,11.21
37,Hobart,AU,2021-05-26 03:59:23,-42.8794,147.3294,55.92,55,75,4.0
38,Vaitape,PF,2021-05-26 04:03:17,-16.5167,-151.75,81.0,71,32,12.21
39,Ushuaia,AR,2021-05-26 04:01:56,-54.8,-68.3,28.92,90,90,4.5
40,New Norfolk,AU,2021-05-26 03:59:15,-42.7826,147.0587,55.58,41,100,12.75
41,Khatanga,RU,2021-05-26 04:03:18,71.9667,102.5,32.61,100,100,5.46
42,Yumen,CN,2021-05-26 04:03:18,40.2833,97.2,77.56,13,2,6.93
43,Esperance,AU,2021-05-26 04:00:00,-33.8667,121.9,62.44,58,58,9.28
44,Bredasdorp,ZA,2021-05-26 04:03:19,-34.5322,20.0403,52.88,77,89,5.1
45,Port Alfred,ZA,2021-05-26 04:03:19,-33.5906,26.891,62.24,87,63,10.45
46,Jerez,GT,2021-05-26 04:03:19,14.1,-89.75,67.15,97,100,2.75
47,Pemangkat,ID,2021-05-26 04:03:20,1.1667,108.9667,86.2,67,100,4.45
48,Busselton,AU,2021-05-26 04:03:20,-33.65,115.3333,63.05,60,95,14.85
49,Laguna,US,2021-05-26 04:03:21,38.421,-121.4238,75.04,48,1,4.0
50,Avarua,CK,2021-05-26 04:03:21,-21.2078,-159.775,80.65,83,20,5.75
51,Iqaluit,CA,2021-05-26 04:03:21,63.7506,-68.5145,26.33,92,90,5.99
52,Hofn,IS,2021-05-26 04:03:22,64.2539,-15.2082,44.11,83,100,9.75
53,Isangel,VU,2021-05-26 04:03:22,-19.55,169.2667,75.07,54,35,11.3
54,San Jose,US,2021-05-26 03:58:58,37.3394,-121.895,62.35,68,1,8.05
55,Saint Anthony,US,2021-05-26 04:03:23,45.0205,-93.218,70.75,42,1,3.0
56,Bulgan,MN,2021-05-26 04:03:23,48.8125,103.5347,54.84,52,100,15.55
57,Caravelas,BR,2021-05-26 04:03:24,-17.7125,-39.2481,73.87,91,99,7.31
58,Longyearbyen,SJ,2021-05-26 04:00:59,78.2186,15.6401,30.04,74,90,12.66
59,Punta Arenas,CL,2021-05-26 04:03:24,-53.15,-70.9167,33.91,75,20,11.45
60,Olafsvik,IS,2021-05-26 04:03:25,64.8945,-23.7142,46.09,82,97,17.16
61,Port Hueneme,US,2021-05-26 04:03:25,34.1478,-119.1951,79.02,72,1,4.61
62,Tasiilaq,GL,2021-05-26 04:03:26,65.6145,-37.6368,37.56,92,100,38.81
63,Constitucion,CL,2021-05-26 04:03:26,-35.3333,-72.4167,53.96,80,17,6.31
64,Shimoda,JP,2021-05-26 04:03:26,34.6667,138.95,75.16,54,97,5.88
65,Bethel,US,2021-05-26 04:02:45,41.3712,-73.414,65.08,84,1,0.0
66,Provideniya,RU,2021-05-26 03:58:39,64.3833,-173.3,44.71,61,0,17.9
67,Faanui,PF,2021-05-26 04:03:27,-16.4833,-151.75,81.0,71,32,12.28
68,Necochea,AR,2021-05-26 04:03:27,-38.5473,-58.7368,40.03,56,81,9.8
69,Wattegama,LK,2021-05-26 04:03:28,6.7989,81.4808,83.32,52,100,4.07
70,Hamilton,US,2021-05-26 04:01:35,39.1834,-84.5333,74.05,75,57,3.98
71,Moose Factory,CA,2021-05-26 04:03:28,51.2585,-80.6094,60.78,93,52,8.7
72,Fortuna,US,2021-05-26 04:03:29,40.5982,-124.1573,53.33,64,90,3.0
73,Nanortalik,GL,2021-05-26 04:03:29,60.1432,-45.2371,33.58,81,89,11.23
74,Mende,FR,2021-05-26 04:03:29,44.6667,3.5,31.71,97,78,1.23
75,Vila Velha,BR,2021-05-26 03:58:47,-20.3297,-40.2925,71.55,84,90,1.99
76,Guaruja,BR,2021-05-26 04:03:23,-23.9931,-46.2564,64.17,26,38,4.38
77,Chuy,UY,2021-05-26 04:03:30,-33.6971,-53.4616,46.44,79,6,5.66
78,Nikolskoye,RU,2021-05-26 04:03:31,59.7035,30.7861,48.09,77,95,8.86
79,Kruisfontein,ZA,2021-05-26 04:03:31,-34.0033,24.7314,55.51,89,94,5.06
80,Albany,US,2021-05-26 04:02:18,42.6001,-73.9662,71.73,68,100,5.39
81,Severo-Kurilsk,RU,2021-05-26 04:03:32,50.6789,156.125,37.92,98,100,13.96
82,Arraial Do Cabo,BR,2021-05-26 04:03:32,-22.9661,-42.0278,68.04,66,42,5.79
83,Katsuura,JP,2021-05-26 04:03:33,35.1333,140.3,78.24,75,100,15.82
84,Kashi,CN,2021-05-26 04:03:33,39.4547,75.9797,77.92,13,100,2.21
85,Svetlyy,RU,2021-05-26 04:03:33,54.675,20.1347,50.05,92,100,14.27
86,Bay Roberts,CA,2021-05-26 04:03:34,47.5999,-53.2648,45.34,91,100,7.0
87,San Patricio,US,2021-05-26 04:03:34,28.017,-97.5169,80.69,88,13,10.36
88,Jiazi,CN,2021-05-26 04:03:35,22.8779,116.067,85.64,70,17,8.84
89,Cabo San Lucas,MX,2021-05-26 04:03:35,22.8909,-109.9124,81.81,55,72,12.68
90,Aykhal,RU,2021-05-26 04:03:35,66.0,111.5,50.43,56,25,10.11
91,Kodiak,US,2021-05-26 04:03:36,57.79,-152.4072,54.84,60,0,3.51
92,Ossora,RU,2021-05-26 04:03:36,59.2353,163.0719,35.91,99,100,7.63
93,Santiago Del Estero,AR,2021-05-26 04:01:53,-27.7951,-64.2615,56.23,55,54,5.84
94,Dabhoi,IN,2021-05-26 04:03:37,22.1833,73.4333,87.73,42,100,12.01
95,Yellowknife,CA,2021-05-26 04:03:07,62.456,-114.3525,42.57,33,10,8.01
96,Sur,OM,2021-05-26 04:03:38,22.5667,59.5289,96.26,35,0,5.59
97,Hasaki,JP,2021-05-26 04:02:16,35.7333,140.8333,81.28,54,100,8.63
98,Lenger,KZ,2021-05-26 04:03:39,42.183,69.8839,72.84,37,99,3.09
99,Tuktoyaktuk,CA,2021-05-26 04:03:39,69.4541,-133.0374,32.45,74,99,3.11
100,Verkhnyaya Toyma,RU,2021-05-26 04:03:39,62.2349,44.9985,39.06,90,100,6.2
101,Whitehaven,GB,2021-05-26 04:01:45,54.549,-3.5841,44.19,93,68,9.62
102,Nome,US,2021-05-26 03:58:43,64.5011,-165.4064,68.11,32,14,1.41
103,Biryusinsk,RU,2021-05-26 04:03:40,55.9634,97.8235,54.19,37,94,13.62
104,Kavaratti,IN,2021-05-26 04:03:40,10.5669,72.642,83.53,74,100,17.78
105,Lorengau,PG,2021-05-26 04:00:27,-2.0226,147.2712,79.65,87,100,9.31
106,Bull Savanna,JM,2021-05-26 04:03:41,17.8868,-77.5902,75.54,85,65,4.76
107,Atuona,PF,2021-05-26 04:02:44,-9.8,-139.0333,79.65,65,37,13.49
108,Grand-Santi,GF,2021-05-26 04:03:42,4.25,-54.3833,73.49,100,98,2.01
109,Dingle,PH,2021-05-26 04:03:42,10.9995,122.6711,89.2,58,100,4.27
110,Chicama,PE,2021-05-26 04:00:32,-7.8447,-79.1469,67.93,87,46,4.63
111,Ribeira Grande,PT,2021-05-26 04:03:43,38.5167,-28.7,64.15,97,100,17.92
112,Yelanskiy,RU,2021-05-26 04:03:43,56.8419,62.5014,59.58,70,52,19.33
113,Ginda,IN,2021-05-26 04:03:44,30.6945,78.4932,77.94,22,0,5.39
114,Havre-Saint-Pierre,CA,2021-05-26 04:03:44,50.2334,-63.5986,41.36,100,75,4.61
115,Dibulla,CO,2021-05-26 04:03:45,11.2725,-73.3091,79.2,81,98,14.45
116,Anavra,GR,2021-05-26 04:03:45,39.2,22.0833,67.46,55,1,2.39
117,Opuwo,NA,2021-05-26 04:03:45,-18.0607,13.84,56.14,46,0,7.7
118,Waipawa,NZ,2021-05-26 04:03:46,-41.4122,175.5153,54.03,66,31,8.7
119,Vao,NC,2021-05-26 04:03:46,-22.6667,167.4833,71.37,66,0,14.74
120,Mirnyy,RU,2021-05-26 04:03:46,62.5353,113.9611,55.85,40,96,7.63
121,Can Tho,VN,2021-05-26 04:03:40,10.0333,105.7833,82.38,83,75,5.75
122,Coihaique,CL,2021-05-26 04:03:47,-45.5752,-72.0662,33.75,100,90,3.44
123,Zhangye,CN,2021-05-26 04:03:47,38.9342,100.4517,73.47,15,2,4.83
124,Passo De Camaragibe,BR,2021-05-26 04:03:48,-9.2368,-35.4901,74.75,92,23,5.61
125,Almaznyy,RU,2021-05-26 04:03:48,48.0448,40.045,55.54,72,3,8.43
126,Praia Da Vitoria,PT,2021-05-26 04:03:49,38.7333,-27.0667,64.76,98,100,12.03
127,Berlevag,NO,2021-05-26 04:03:49,70.8578,29.0864,37.4,71,86,10.87
128,Lichuan,CN,2021-05-26 04:03:49,30.3,108.85,55.06,98,100,2.71
129,Vanavara,RU,2021-05-26 04:01:15,60.34,102.2797,38.7,52,100,5.88
130,Barrow,US,2021-05-26 04:03:50,71.2906,-156.7887,26.62,80,90,8.05
131,Mar Del Plata,AR,2021-05-26 04:03:50,-38.0023,-57.5575,49.08,61,79,8.99
132,Kangaatsiaq,GL,2021-05-26 04:03:51,68.3065,-53.4641,30.85,63,55,6.13
133,Chegdomyn,RU,2021-05-26 04:03:51,51.1167,133.0167,54.12,58,100,4.52
134,Hay River,CA,2021-05-26 04:00:33,60.8156,-115.7999,30.43,64,10,5.41
135,Georgetown,MY,2021-05-26 04:02:20,5.4112,100.3354,89.53,74,20,1.01
136,Ponta Do Sol,PT,2021-05-26 04:03:52,32.6667,-17.1,65.03,68,100,6.04
137,Devli,IN,2021-05-26 04:03:52,25.75,75.3833,94.84,33,85,9.64
138,Mehamn,NO,2021-05-26 04:01:19,71.0357,27.8492,37.58,69,83,9.26
139,Jipijapa,EC,2021-05-26 04:03:53,-1.3333,-80.5833,71.1,91,97,4.21
140,Evensk,RU,2021-05-26 04:03:53,61.95,159.2333,38.91,94,100,24.85
141,Chemax,MX,2021-05-26 04:03:54,20.65,-87.9333,73.69,93,29,3.69
142,Port Elizabeth,ZA,2021-05-26 04:03:54,-33.918,25.5701,58.86,89,67,6.67
143,East London,ZA,2021-05-26 04:03:54,-33.0153,27.9116,63.37,84,53,9.53
144,Marshall,US,2021-05-26 04:03:55,34.3834,-86.3333,74.95,62,1,3.42
145,Yar-Sale,RU,2021-05-26 04:03:55,66.8333,70.8333,39.99,61,98,8.81
146,Qaanaaq,GL,2021-05-26 04:03:56,77.484,-69.3632,28.76,70,11,8.63
147,Talnakh,RU,2021-05-26 04:01:48,69.4865,88.3972,28.35,84,48,13.33
148,Wajima,JP,2021-05-26 04:03:56,37.4,136.9,61.99,67,90,14.85
149,Sorland,NO,2021-05-26 04:03:57,67.667,12.6934,43.34,76,0,20.92
150,Castro,BR,2021-05-26 03:59:26,-24.7911,-50.0119,49.24,51,32,1.03
151,Sturgeon Falls,CA,2021-05-26 04:03:57,46.3646,-79.9326,60.03,94,62,11.41
152,Kahului,US,2021-05-26 04:03:11,20.8947,-156.47,82.42,75,40,10.36
153,Vieques,PR,2021-05-26 04:03:58,18.425,-65.8329,80.91,83,40,10.42
154,Buluang,PH,2021-05-26 04:03:58,13.3068,123.3425,88.77,63,99,2.06
155,Payo,ID,2021-05-26 04:03:58,-3.7508,103.6372,89.51,54,28,4.07
156,Bambous Virieux,MU,2021-05-26 04:03:59,-20.3428,57.7575,75.22,74,12,7.54
157,Victoria,HK,2021-05-26 04:01:01,22.2855,114.1577,89.96,80,20,1.01
158,Neiafu,TO,2021-05-26 04:03:59,-18.65,-173.9833,72.28,94,90,2.3
159,Gravdal,NO,2021-05-26 04:00:53,68.1214,13.5031,41.85,76,0,16.31
160,Itarema,BR,2021-05-26 04:04:00,-2.9248,-39.9167,76.01,85,82,10.51
161,Kjollefjord,NO,2021-05-26 04:04:00,70.9457,27.3465,37.45,81,75,6.8
162,Tamworth,GB,2021-05-26 04:04:01,52.634,-1.6959,47.93,86,72,1.99
163,Kavieng,PG,2021-05-26 04:04:01,-2.5744,150.7967,80.74,83,100,6.31
164,San Quintin,MX,2021-05-26 04:04:02,30.4833,-115.95,61.45,85,54,4.41
165,Hami,CN,2021-05-26 04:00:28,42.8,93.45,84.47,10,0,0.67
166,Ilhabela,BR,2021-05-26 04:04:02,-23.7781,-45.3581,62.82,80,31,4.63
167,Kapaa,US,2021-05-26 04:02:59,22.0752,-159.319,81.12,70,33,1.01
168,Alugan,PH,2021-05-26 04:04:03,12.2188,125.4808,85.57,68,86,6.85
169,Tilichiki,RU,2021-05-26 04:04:03,60.4667,166.1,42.58,65,100,14.67
170,Arica,CL,2021-05-26 04:01:42,-18.475,-70.3042,63.61,84,78,1.79
171,Kamennomostskiy,RU,2021-05-26 04:04:04,44.2983,40.1856,57.54,90,2,1.54
172,Rio Grande,BR,2021-05-26 04:04:04,-32.035,-52.0986,53.44,86,0,8.59
173,Homer,US,2021-05-26 04:03:44,59.6425,-151.5483,65.08,44,1,14.97
174,Ittiri,IT,2021-05-26 04:04:05,40.5929,8.5684,40.1,82,5,2.68
175,Farafangana,MG,2021-05-26 04:04:05,-22.8167,47.8333,65.05,91,10,4.38
176,Hajipur,IN,2021-05-26 04:00:36,25.6833,85.2167,78.78,69,75,12.41
177,Fukue,JP,2021-05-26 04:04:05,32.6881,128.8419,67.75,58,100,5.35
178,Kenai,US,2021-05-26 04:04:06,60.5544,-151.2583,65.03,46,1,10.36
179,Bella Vista,US,2021-05-26 04:03:53,36.4295,-94.2316,68.85,94,1,1.01
180,Coquimbo,CL,2021-05-26 04:02:35,-29.9533,-71.3436,49.73,100,0,5.08
181,Bilibino,RU,2021-05-26 04:04:07,68.0546,166.4372,49.91,56,100,8.34
182,Koumac,NC,2021-05-26 04:04:07,-20.5667,164.2833,74.3,50,9,12.39
183,Tiznit,MA,2021-05-26 04:01:46,29.5833,-9.5,59.4,85,75,1.72
184,Srednekolymsk,RU,2021-05-26 04:04:08,67.45,153.6833,58.15,42,86,21.12
185,Ambilobe,MG,2021-05-26 04:04:08,-13.2,49.05,69.4,82,5,2.71
186,Cumberland,US,2021-05-26 04:00:11,35.0502,-78.8664,80.6,69,1,6.91
187,Touros,BR,2021-05-26 04:04:08,-5.1989,-35.4608,74.3,92,29,11.23
188,Minab,IR,2021-05-26 04:04:09,27.1467,57.0801,90.9,25,0,4.81
189,Rubizhne,UA,2021-05-26 04:04:09,49.0123,38.3797,63.59,72,99,4.43
190,Mahebourg,MU,2021-05-26 04:04:10,-20.4081,57.7,75.25,74,11,7.76
191,Mponela,MW,2021-05-26 04:01:18,-13.5319,33.7401,49.15,86,0,5.26
192,Tramagal,PT,2021-05-26 04:04:10,39.45,-8.25,58.96,86,86,5.41
193,Katangli,RU,2021-05-26 04:04:10,51.7102,143.2326,41.22,63,100,12.21
194,Staryy Nadym,RU,2021-05-26 04:04:11,65.6118,72.6842,39.88,90,100,13.94
195,Boshnyakovo,RU,2021-05-26 04:04:11,49.6333,142.1667,36.75,97,100,6.55
196,Namatanai,PG,2021-05-26 04:04:12,-3.6667,152.4333,80.15,85,100,6.04
197,Ekhabi,RU,2021-05-26 04:04:12,53.5102,142.9671,42.3,65,100,9.8
198,Tete,MZ,2021-05-26 04:04:13,-16.1564,33.5867,57.09,95,0,1.72
199,Tiradentes,BR,2021-05-26 04:04:13,-21.1103,-44.1781,58.46,86,94,3.13
200,Rorvik,NO,2021-05-26 04:04:13,64.8621,11.2373,48.31,93,0,5.75
201,Ankara,TR,2021-05-26 04:00:31,39.9199,32.8543,50.92,53,1,3.11
202,Beloha,MG,2021-05-26 04:04:14,-25.1667,45.05,60.6,81,5,5.1
203,Awjilah,LY,2021-05-26 04:04:14,29.1081,21.2869,77.32,16,0,4.14
204,Geraldton,AU,2021-05-26 04:04:15,-28.7667,114.6,69.13,37,100,18.23
205,Vila Franca Do Campo,PT,2021-05-26 04:04:15,37.7167,-25.4333,64.81,91,100,10.94
206,Henties Bay,NA,2021-05-26 03:59:51,-22.116,14.2845,66.99,62,0,7.74
207,Loyga,RU,2021-05-26 04:04:16,61.0784,44.6075,39.16,84,100,6.69
208,Zharkent,KZ,2021-05-26 04:04:16,44.1628,80.0,84.51,16,0,6.02
209,Nara,JP,2021-05-26 04:04:16,34.6851,135.8049,75.49,30,100,4.09
210,Dickinson,US,2021-05-26 04:04:17,29.4608,-95.0513,78.75,82,20,1.99
211,Halifax,CA,2021-05-26 04:04:17,44.6453,-63.5724,58.41,72,92,15.99
212,Ostrovnoy,RU,2021-05-26 04:04:18,68.0531,39.5131,36.1,64,11,6.11
213,Paita,PE,2021-05-26 04:04:18,-5.0892,-81.1144,70.25,84,54,8.95
214,Nabire,ID,2021-05-26 04:04:18,-3.3667,135.4833,79.25,91,100,2.62
215,Zhanaozen,KZ,2021-05-26 04:04:19,43.3,52.8,76.64,50,35,17.65
216,Phan Thiet,VN,2021-05-26 04:04:19,10.9333,108.1,82.45,78,100,10.89
217,Boulder City,US,2021-05-26 04:04:19,35.9786,-114.8325,86.32,9,1,3.44
218,Flinders,AU,2021-05-26 04:04:20,-34.5833,150.8552,70.38,48,0,8.99
219,La Asuncion,VE,2021-05-26 04:04:20,11.0333,-63.8628,77.18,87,7,12.48
220,Shu,KZ,2021-05-26 04:04:21,43.5983,73.7614,79.86,34,58,1.63
221,Poum,NC,2021-05-26 04:04:21,-20.2333,164.0167,73.92,55,20,16.31
222,Ca Mau,VN,2021-05-26 04:04:01,9.1769,105.15,76.42,94,100,9.37
223,Norman Wells,CA,2021-05-26 04:04:22,65.282,-126.8329,54.43,37,97,6.46
224,Kamskiye Polyany,RU,2021-05-26 04:04:22,55.4307,51.4171,58.01,72,100,7.05
225,Bengkulu,ID,2021-05-26 04:04:22,-3.8004,102.2655,86.59,65,99,4.9
226,Dongsheng,CN,2021-05-26 04:00:23,39.8161,109.9776,61.88,28,54,26.51
227,Salta,AR,2021-05-26 04:04:23,-24.7859,-65.4117,47.57,81,20,1.99
228,Aklavik,CA,2021-05-26 04:04:24,68.2191,-135.0107,38.1,68,97,4.56
229,Praia,CV,2021-05-26 04:04:24,14.9215,-23.5087,70.34,78,0,11.5
230,Nadym,RU,2021-05-26 04:04:24,65.5333,72.5167,41.18,83,100,15.32
231,Saint-Philippe,RE,2021-05-26 04:04:25,-21.3585,55.7679,72.95,82,44,8.9
232,Ballina,AU,2021-05-26 04:04:25,-28.8667,153.5667,78.98,60,3,3.38
233,Zhigansk,RU,2021-05-26 04:04:26,66.7697,123.3711,57.72,49,100,2.3
234,Grindavik,IS,2021-05-26 04:04:26,63.8424,-22.4338,45.07,87,90,31.34
235,Blairmore,CA,2021-05-26 04:04:26,49.6,-114.4353,45.91,97,100,0.69
236,Platanos,GR,2021-05-26 04:04:27,37.6667,21.6167,66.56,46,44,4.36
237,San Prisco,IT,2021-05-26 04:04:27,41.0871,14.2782,60.78,73,79,2.1
238,Abu Kamal,SY,2021-05-26 04:04:28,34.4506,40.9171,80.55,28,0,17.36
239,Lisakovsk,KZ,2021-05-26 04:04:28,52.5369,62.4936,84.22,27,79,1.3
240,Giresun,TR,2021-05-26 04:04:28,40.5,38.5,31.32,34,0,2.13
241,Lodja,CD,2021-05-26 04:04:29,-3.4833,23.4333,65.84,72,29,2.04
242,Antofagasta,CL,2021-05-26 04:04:30,-23.65,-70.4,58.28,68,91,5.12
243,Masallatah,LY,2021-05-26 04:04:30,32.6167,14.0,61.3,91,51,9.48
244,Makaha,US,2021-05-26 04:04:31,21.4694,-158.2175,80.51,83,75,7.25
245,Koson,UZ,2021-05-26 04:04:31,39.0375,65.585,79.12,13,13,6.98
246,Mahajanga,MG,2021-05-26 04:04:32,-15.7167,46.3167,70.03,76,9,3.98
247,Dillon,US,2021-05-26 04:04:32,34.4166,-79.3712,77.09,82,72,5.99
248,Souillac,MU,2021-05-26 04:01:06,-20.5167,57.5167,75.36,79,5,6.98
249,Saint George,US,2021-05-26 04:01:05,37.1041,-113.5841,82.99,14,1,1.01
250,Chernenko,RU,2021-05-26 04:04:33,44.365,39.3103,57.56,91,0,2.62
251,Da Lat,VN,2021-05-26 04:04:21,11.9465,108.4419,68.45,84,100,2.55
252,Kenora,CA,2021-05-26 04:02:20,49.8167,-94.4337,42.78,93,100,17.0
253,Raudeberg,NO,2021-05-26 04:04:34,61.9875,5.1352,56.8,82,99,11.65
254,Yurla,RU,2021-05-26 04:04:35,59.3259,54.3223,54.25,66,32,10.13
255,Rio Gallegos,AR,2021-05-26 04:04:35,-51.6226,-69.2181,35.4,76,44,20.27
256,Billund,DK,2021-05-26 04:04:35,55.7335,9.1078,49.41,93,90,6.91
257,Kemijarvi,FI,2021-05-26 04:04:36,66.7131,27.4306,39.74,88,98,4.27
258,San Pedro Buenavista,MX,2021-05-26 04:04:36,16.0833,-93.1167,76.69,92,100,0.74
259,Bethanien,NA,2021-05-26 04:04:37,-26.502,17.1583,57.04,48,0,3.87
260,Vanimo,PG,2021-05-26 04:04:37,-2.6741,141.3028,82.76,81,53,2.89
261,Jasper,US,2021-05-26 04:04:37,37.2001,-94.3502,69.85,88,1,7.9
262,Westport,US,2021-05-26 04:04:38,41.1415,-73.3579,66.34,87,90,1.01
263,Aktau,KZ,2021-05-26 04:04:38,43.65,51.2,68.58,74,100,16.69
264,Navrongo,GH,2021-05-26 04:04:39,10.8956,-1.0921,86.31,52,44,7.45
265,Burladingen,DE,2021-05-26 04:04:39,48.2833,9.1167,43.93,84,98,7.72
266,Kijang,KR,2021-05-26 04:04:39,35.2442,129.2139,68.56,45,100,9.6
267,Airai,TL,2021-05-26 04:04:40,-8.9266,125.4092,73.89,54,29,5.32
268,Cidreira,BR,2021-05-26 04:04:40,-30.1811,-50.2056,54.59,76,0,10.71
269,Eyl,SO,2021-05-26 04:04:40,7.9803,49.8164,79.88,66,16,22.64
270,Pevek,RU,2021-05-26 04:04:41,69.7008,170.3133,33.24,87,100,2.82
271,Shakawe,BW,2021-05-26 04:04:41,-18.3667,21.85,48.72,66,0,4.18
272,Lagoa Da Canoa,BR,2021-05-26 04:04:42,-9.8297,-36.7378,69.15,93,56,4.81
273,Pangnirtung,CA,2021-05-26 04:04:42,66.1451,-65.7125,15.8,89,97,7.49
274,Lavrentiya,RU,2021-05-26 04:04:42,65.5833,-171.0,38.52,77,37,9.62
275,Sao Joao Da Barra,BR,2021-05-26 04:04:43,-21.6403,-41.0511,66.9,72,71,3.04
276,Thompson,CA,2021-05-26 04:04:43,55.7435,-97.8558,26.76,80,90,9.22
277,Adwa,ET,2021-05-26 04:04:43,14.1646,38.8955,71.29,37,45,1.81
278,Klaksvik,FO,2021-05-26 04:04:44,62.2266,-6.589,43.72,88,68,17.56
279,Ler,SS,2021-05-26 04:04:44,8.3018,30.1418,77.63,65,11,4.54
280,Tual,ID,2021-05-26 04:04:45,-5.6667,132.75,82.29,77,95,21.61
281,Zarya,RU,2021-05-26 04:04:45,55.7553,38.0958,59.49,62,73,2.91
282,Tyukalinsk,RU,2021-05-26 04:04:45,55.8732,72.1967,77.65,52,48,5.35
283,Paka,MY,2021-05-26 04:04:46,4.6374,103.4368,87.44,62,87,2.75
284,Canmore,CA,2021-05-26 04:01:58,51.0834,-115.3521,47.25,97,100,2.75
285,Savannah Bight,HN,2021-05-26 04:04:46,16.45,-85.85,81.0,81,30,21.9
286,Pedregulho,BR,2021-05-26 04:04:47,-20.2569,-47.4767,60.82,37,82,3.06
287,Berdigestyakh,RU,2021-05-26 04:04:47,62.0989,126.6992,64.8,25,59,5.91
288,Sangar,RU,2021-05-26 04:04:48,63.9242,127.4739,64.42,42,47,2.64
289,Kongolo,CD,2021-05-26 04:04:48,-5.3833,27.0,64.08,68,92,3.11
290,Noyabrsk,RU,2021-05-26 04:04:48,63.1994,75.4507,47.73,38,96,12.3
291,Koslan,RU,2021-05-26 04:04:49,63.4564,48.8989,36.18,82,100,9.08
292,Atherton,GB,2021-05-26 04:04:49,53.5237,-2.4935,47.35,91,17,3.65
293,Palmeiras De Goias,BR,2021-05-26 04:04:49,-16.805,-49.9258,65.91,60,52,3.58
294,Jawar,IN,2021-05-26 04:04:50,23.0,76.5,93.67,31,90,16.67
295,Batemans Bay,AU,2021-05-26 04:04:50,-35.7167,150.1833,70.11,36,1,4.05
296,Khor,RU,2021-05-26 04:04:51,47.8861,134.9464,58.48,59,46,5.19
297,Santa Fe,AR,2021-05-26 04:04:51,-31.6333,-60.7,57.0,82,0,1.99
298,Hirara,JP,2021-05-26 04:02:01,24.8,125.2833,82.69,75,16,14.07
299,Korla,CN,2021-05-26 04:04:52,41.7597,86.1469,85.01,11,0,6.24
300,Scottsbluff,US,2021-05-26 04:04:52,41.8666,-103.6672,59.43,60,1,1.01
301,Ushtobe,KZ,2021-05-26 04:04:53,45.2514,77.9838,84.99,26,0,8.61
302,Marsh Harbour,BS,2021-05-26 04:00:03,26.5412,-77.0636,75.72,72,0,14.61
303,Soavinandriana,MG,2021-05-26 04:01:24,-19.1667,46.7333,49.66,80,0,4.14
304,Yarim,YE,2021-05-26 04:04:53,14.298,44.3779,62.33,43,44,1.23
305,Bolobo,CD,2021-05-26 04:04:54,-2.1667,16.2333,72.7,78,80,2.28
306,Gonaives,HT,2021-05-26 04:04:54,19.45,-72.6833,78.33,82,8,6.8
307,San Juan,AR,2021-05-26 04:04:55,-31.5375,-68.5364,65.73,34,0,2.66
308,Aasiaat,GL,2021-05-26 04:04:55,68.7098,-52.8699,26.28,77,56,6.85
309,Lima,PE,2021-05-26 04:00:55,-12.0432,-77.0282,63.14,63,55,4.47
310,Teknaf,BD,2021-05-26 04:04:55,20.8624,92.3058,84.67,67,89,19.26
311,Dori,BF,2021-05-26 04:04:56,14.0354,-0.0345,89.42,37,66,9.8
312,Emerald,AU,2021-05-26 04:04:56,-23.5333,148.1667,80.35,38,5,4.97
313,Puerto Escondido,MX,2021-05-26 04:04:57,15.85,-97.0667,83.35,76,99,4.21
314,Haines Junction,CA,2021-05-26 04:04:57,60.7522,-137.5108,50.43,72,100,1.74
315,Lasa,IT,2021-05-26 04:04:58,46.6166,10.7002,38.62,67,16,1.99
316,Mumbwa,ZM,2021-05-26 04:04:58,-14.9783,27.0619,48.24,68,9,4.05
317,Pryshyb,UA,2021-05-26 04:04:58,47.2603,35.3228,59.25,77,78,5.17
318,Zaragoza,ES,2021-05-26 04:02:26,41.6561,-0.8773,53.89,71,0,4.0
319,Uige,AO,2021-05-26 04:04:59,-7.6087,15.0613,62.51,55,16,4.25
320,San Francisco,US,2021-05-26 04:04:00,37.7749,-122.4194,64.31,79,20,1.99
321,Marsa Matruh,EG,2021-05-26 04:04:59,31.3525,27.2453,70.95,63,0,7.47
322,Sabha,LY,2021-05-26 04:05:00,27.0377,14.4283,79.97,17,12,2.89
323,Pangai,TO,2021-05-26 04:05:00,-19.8,-174.35,70.88,84,98,17.11
324,Komsomolskiy,UZ,2021-05-26 04:05:01,40.4272,71.7189,79.52,27,92,2.3
325,Khovu-Aksy,RU,2021-05-26 04:05:01,51.1333,93.6,58.82,67,100,11.48
326,Itaituba,BR,2021-05-26 04:05:01,-4.2761,-55.9836,76.66,83,71,0.96
327,Kristiansund,NO,2021-05-26 04:05:02,63.1115,7.732,54.25,66,81,9.22
328,Saint-Joseph,RE,2021-05-26 04:05:02,-21.3667,55.6167,71.96,79,18,7.56
329,Antalaha,MG,2021-05-26 04:05:03,-14.9003,50.2788,70.3,81,13,4.83
330,Santana,BR,2021-05-26 04:02:00,-0.0583,-51.1817,75.18,93,37,3.44
331,Iquitos,PE,2021-05-26 04:05:03,-3.7481,-73.2472,75.24,94,75,0.0
332,Broome,US,2021-05-26 04:05:04,42.2506,-75.833,70.02,78,1,1.01
333,Veraval,IN,2021-05-26 04:05:04,20.9,70.3667,84.79,73,100,15.32
334,Pemberton,CA,2021-05-26 04:05:04,50.3164,-122.8027,55.54,89,74,5.17
335,Bonthe,SL,2021-05-26 04:05:05,7.5264,-12.505,77.0,91,100,2.98
336,Andenes,NO,2021-05-26 04:05:05,69.3143,16.1194,43.07,70,6,26.46
337,Viedma,AR,2021-05-26 04:05:06,-40.8135,-62.9967,49.48,43,99,13.49
338,Ambovombe,MG,2021-05-26 04:05:06,-25.1667,46.0833,63.28,83,1,1.83
339,Dwarka,IN,2021-05-26 04:05:07,22.2394,68.9678,85.66,74,4,19.57
340,Bantry,IE,2021-05-26 04:05:07,51.6833,-9.45,47.68,85,100,3.27
341,Brae,GB,2021-05-26 04:05:07,60.3964,-1.353,48.11,86,100,19.48
342,Lata,PT,2021-05-26 04:05:08,40.1629,-8.3327,58.82,88,77,0.98
343,Huarmey,PE,2021-05-26 04:05:08,-10.0681,-78.1522,66.34,88,55,4.54
344,Maniitsoq,GL,2021-05-26 04:05:08,65.4167,-52.9,33.19,68,12,13.94
345,Paamiut,GL,2021-05-26 04:05:09,61.994,-49.6678,35.64,68,80,7.99
346,Teya,RU,2021-05-26 04:05:09,60.3778,92.6267,43.2,37,12,11.52
347,Bowen,AU,2021-05-26 04:05:10,-20.0167,148.2333,76.08,56,100,15.64
348,Menongue,AO,2021-05-26 04:05:10,-14.6585,17.691,48.2,72,0,4.41
349,Yuzhou,CN,2021-05-26 04:05:10,34.1628,113.4639,86.43,31,86,15.64
350,Solnechnyy,RU,2021-05-26 04:05:11,50.7214,136.6319,38.61,84,100,6.13
351,Taoudenni,ML,2021-05-26 04:01:32,22.6783,-3.9836,94.06,20,100,17.02
352,Port Lincoln,AU,2021-05-26 04:01:46,-34.7333,135.8667,59.58,57,98,12.35
353,Nantucket,US,2021-05-26 04:01:51,41.2835,-70.0995,60.91,93,1,17.27
354,Cockburn Town,TC,2021-05-26 04:05:12,21.4612,-71.1419,79.27,79,7,19.51
355,Fare,PF,2021-05-26 04:05:12,-16.7,-151.0167,80.91,72,40,11.48
356,Worland,US,2021-05-26 04:05:12,44.0169,-107.9554,66.65,30,90,8.01
357,Hatillo,PR,2021-05-26 04:05:13,18.4863,-66.8254,80.11,83,18,11.12
358,Cranbrook,CA,2021-05-26 04:00:43,49.4999,-115.7688,46.42,90,99,1.48
359,Playa Del Carmen,MX,2021-05-26 04:05:13,20.6274,-87.0799,82.35,89,14,7.36
360,Inhambane,MZ,2021-05-26 04:05:14,-23.865,35.3833,61.61,86,8,4.7
361,Chatellerault,FR,2021-05-26 04:05:14,46.8,0.5333,52.3,1,95,14.92
362,Ucluelet,CA,2021-05-26 04:02:09,48.9329,-125.5528,57.09,80,99,7.11
363,Aksu,CN,2021-05-26 04:05:15,41.1231,80.2644,80.76,10,100,2.24
364,Beira,MZ,2021-05-26 04:05:15,-19.8436,34.8389,61.61,93,9,5.91
365,Hobyo,SO,2021-05-26 04:05:15,5.3505,48.5268,79.16,79,76,20.74
366,Alofi,NU,2021-05-26 04:05:16,-19.0595,-169.9187,75.09,83,75,8.05
367,Chokurdakh,RU,2021-05-26 04:05:16,70.6333,147.9167,39.09,78,90,9.64
368,Rivadavia,AR,2021-05-26 04:05:16,-33.1905,-68.4608,54.16,47,5,5.41
369,Porto Novo,BJ,2021-05-26 04:00:37,6.4965,2.6036,79.25,88,94,6.13
370,Vadinsk,RU,2021-05-26 04:05:17,53.6916,43.0574,58.35,70,92,4.38
371,Luderitz,NA,2021-05-26 04:05:18,-26.6481,15.1594,59.34,81,0,14.18
372,Cap Malheureux,MU,2021-05-26 04:01:09,-19.9842,57.6142,75.47,76,4,3.0
373,Chapais,CA,2021-05-26 04:05:18,49.7834,-74.8492,60.58,98,51,6.96
374,Alpoyeca,MX,2021-05-26 04:05:18,17.6667,-98.5167,78.19,65,100,3.22
375,Snasa,NO,2021-05-26 04:05:19,64.2457,12.3778,44.01,74,9,4.59
376,Port Blair,IN,2021-05-26 04:05:19,11.6667,92.75,84.85,80,88,21.54
377,Tomatlan,MX,2021-05-26 04:05:20,19.9333,-105.25,75.78,69,0,2.59
378,Acapulco,MX,2021-05-26 04:05:20,16.8634,-99.8901,81.93,62,100,5.7
379,Muros,ES,2021-05-26 04:05:20,42.7762,-9.0603,53.83,79,88,9.24
380,Suntar,RU,2021-05-26 04:05:21,62.1444,117.6319,62.55,34,98,3.49
381,Okhotsk,RU,2021-05-26 04:05:21,59.3833,143.3,51.12,49,88,2.91
382,Herouville-Saint-Clair,FR,2021-05-26 04:05:22,49.2109,-0.3065,50.76,93,75,13.94
383,Gien,FR,2021-05-26 04:05:22,47.6933,2.6309,50.94,86,100,18.77
384,Taltal,CL,2021-05-26 04:05:22,-25.4,-70.4833,66.67,52,86,2.44
385,Talcahuano,CL,2021-05-26 04:05:23,-36.7167,-73.1167,53.28,94,90,8.05
386,Abadan,IR,2021-05-26 04:05:23,30.3392,48.3043,82.35,16,0,8.81
387,Ust-Kulom,RU,2021-05-26 04:05:23,61.6864,53.6902,44.76,89,100,6.82
388,Deputatskiy,RU,2021-05-26 04:00:45,69.3,139.9,51.58,33,5,19.77
389,Dawlatabad,AF,2021-05-26 04:05:24,36.4141,64.9053,88.56,10,1,5.26
390,Ambanja,MG,2021-05-26 04:05:24,-13.6833,48.45,69.84,80,14,3.58
391,Yenagoa,NG,2021-05-26 04:05:25,4.9247,6.2642,75.99,95,99,3.98
392,Bad Zwischenahn,DE,2021-05-26 04:05:25,53.1833,8.0,49.24,98,56,8.95
393,Byron Bay,AU,2021-05-26 04:01:51,-28.65,153.6167,77.05,53,1,3.06
394,Duluth,US,2021-05-26 04:02:04,46.7833,-92.1066,67.48,42,1,24.16
395,Kawalu,ID,2021-05-26 04:05:26,-7.3817,108.2082,87.55,53,35,5.06
396,Yaan,NG,2021-05-26 04:05:26,7.3833,8.5667,76.48,85,95,8.05
397,Walvis Bay,NA,2021-05-26 04:05:26,-22.9575,14.5053,72.05,42,0,9.44
398,Sao Filipe,CV,2021-05-26 04:05:27,14.8961,-24.4956,72.46,76,0,6.51
399,San Vicente,AR,2021-05-26 04:05:27,-26.6167,-54.1333,47.5,71,0,2.91
400,Ambon,ID,2021-05-26 04:04:43,-3.6954,128.1814,87.94,70,40,13.73
401,Vigrestad,NO,2021-05-26 04:05:28,58.5667,5.7,53.82,78,100,10.49
402,Luau,AO,2021-05-26 04:05:28,-10.7073,22.2247,52.27,66,40,4.29
403,Sumter,US,2021-05-26 04:05:29,28.7086,-82.0831,76.14,74,96,6.51
404,Gat,IL,2021-05-26 04:02:59,31.61,34.7642,77.4,52,0,0.74
405,Kindu,CD,2021-05-26 04:05:29,-2.95,25.95,66.49,83,73,2.75
406,Samarkand,UZ,2021-05-26 04:05:29,39.6542,66.9597,78.22,31,40,13.8
407,Richards Bay,ZA,2021-05-26 04:05:30,-28.783,32.0377,59.72,74,100,5.53
408,Iralaya,HN,2021-05-26 04:01:05,15.0,-83.2333,80.01,84,93,14.72
409,Morant Bay,JM,2021-05-26 04:05:30,17.8815,-76.4093,82.02,88,35,11.32
410,Oroville,US,2021-05-26 04:05:31,39.5138,-121.5564,77.2,35,1,0.0
411,Toshkivka,UA,2021-05-26 04:05:31,48.7791,38.579,62.2,76,100,3.8
412,Aripuana,BR,2021-05-26 04:05:31,-9.1667,-60.6333,74.62,79,74,1.21
413,Nuuk,GL,2021-05-26 04:05:32,64.1835,-51.7216,34.41,86,20,13.8
414,Rotenburg,DE,2021-05-26 04:05:32,53.1167,9.4,48.79,66,93,11.99
415,Faya,SA,2021-05-26 04:05:33,18.3851,42.4509,66.72,29,11,8.72
416,Ransang,PH,2021-05-26 04:05:33,8.9603,117.5828,87.55,63,27,5.59
417,Gazojak,TM,2021-05-26 04:05:33,41.1875,61.4036,89.2,19,1,1.7
418,Tommot,RU,2021-05-26 04:05:34,58.9564,126.2925,57.56,49,100,4.74
419,Leeuwarden,NL,2021-05-26 04:05:34,53.2014,5.8086,50.0,93,26,8.05
420,Morehead,US,2021-05-26 04:05:35,37.2711,-87.1764,74.91,85,1,0.0
421,Husavik,IS,2021-05-26 04:04:49,66.0449,-17.3389,41.83,80,43,12.44
422,Namibe,AO,2021-05-26 04:01:57,-15.1961,12.1522,74.17,60,0,3.85
423,Margate,GB,2021-05-26 04:01:28,51.3813,1.3862,47.21,80,97,4.0
424,Tura,IN,2021-05-26 04:05:35,25.5198,90.2201,75.54,95,100,4.12
425,Dmitriyevka,RU,2021-05-26 04:05:36,54.75,55.3333,58.55,65,27,12.97
426,Balkanabat,TM,2021-05-26 04:05:36,39.5108,54.3671,79.36,44,100,7.27
427,Dumai,ID,2021-05-26 04:05:37,1.6833,101.45,86.34,70,100,3.51
428,Sumenep,ID,2021-05-26 04:05:37,-7.0167,113.8667,87.13,64,71,14.79
429,Seidu,SL,2021-05-26 04:05:37,9.0167,-10.6,69.8,97,100,1.36
430,Vestmannaeyjar,IS,2021-05-26 04:05:38,63.4427,-20.2734,44.98,85,68,24.43
431,Bone,DE,2021-05-26 04:05:38,51.9669,12.1396,50.29,83,98,11.07
432,Plainview,US,2021-05-26 04:00:44,40.7765,-73.4673,68.92,82,1,1.01
433,Vysokogornyy,RU,2021-05-26 04:05:39,50.1167,139.15,36.34,99,100,2.64
434,Saint-Paul,RE,2021-05-26 04:00:58,-21.0096,55.2707,73.49,73,4,2.19
435,Cascais,PT,2021-05-26 04:05:39,38.6979,-9.4215,60.62,74,98,11.01
436,Dunedin,NZ,2021-05-26 04:05:40,-45.8742,170.5036,52.81,41,56,8.01
437,Orange Cove,US,2021-05-26 04:05:40,36.6244,-119.3137,78.57,25,92,6.53
438,Paramonga,PE,2021-05-26 04:05:40,-10.6667,-77.8333,65.8,88,66,3.6
439,Puerto Del Rosario,ES,2021-05-26 04:05:41,28.5004,-13.8627,65.95,68,46,12.66
440,Labuan,MY,2021-05-26 04:05:41,5.2767,115.2417,93.36,69,61,3.6
441,Bad Doberan,DE,2021-05-26 04:05:42,54.1071,11.9005,49.87,92,100,4.0
442,Odweyne,SO,2021-05-26 04:05:42,9.4092,45.064,71.8,59,68,17.9
443,Lompoc,US,2021-05-26 04:05:42,34.6391,-120.4579,67.57,82,90,11.5
444,Tel Aviv-Yafo,IL,2021-05-26 04:05:43,32.0805,34.7805,79.7,68,20,1.68
445,Lethem,GY,2021-05-26 04:05:43,3.3803,-59.7968,75.04,94,97,6.11
446,Kiunga,PG,2021-05-26 04:05:43,-6.1219,141.2906,84.69,66,83,4.97
447,Biak,ID,2021-05-26 04:05:44,-0.9131,122.8766,83.86,67,19,9.48
448,Bow Island,CA,2021-05-26 04:05:44,49.8668,-111.3684,46.62,88,82,8.59
449,Suffolk,US,2021-05-26 04:05:45,40.8668,-72.7996,63.86,90,1,4.0
450,Cabrera,DO,2021-05-26 04:05:45,19.6426,-69.9049,76.32,83,67,10.27
451,Nova Vicosa,BR,2021-05-26 04:05:45,-17.8919,-39.3719,74.53,88,100,9.86
452,Port Macquarie,AU,2021-05-26 04:05:46,-31.4333,152.9167,72.9,51,47,5.14
453,Ewa Beach,US,2021-05-26 04:05:46,21.3156,-158.0072,80.55,73,90,5.75
454,Hambantota,LK,2021-05-26 04:01:18,6.1241,81.1185,84.54,74,75,24.09
455,College,US,2021-05-26 04:05:47,64.8569,-147.8028,66.58,29,40,11.5
456,Luganville,VU,2021-05-26 04:05:47,-15.5333,167.1667,77.23,54,96,6.06
457,Hovd,MN,2021-05-26 04:05:47,48.0056,91.6419,72.19,21,28,7.02
458,Kurunegala,LK,2021-05-26 04:05:48,7.4863,80.3623,82.92,88,100,8.19
459,Kendari,ID,2021-05-26 04:05:48,-3.945,122.4989,84.88,72,47,4.34
460,Nemuro,JP,2021-05-26 04:05:48,43.3236,145.575,68.43,95,71,13.13
461,Saldanha,ZA,2021-05-26 04:05:49,-33.0117,17.9442,55.62,84,67,2.59
462,Bloemfontein,ZA,2021-05-26 04:05:49,-29.1211,26.214,43.66,68,0,2.06
463,Panzhihua,CN,2021-05-26 04:05:50,26.5851,101.7128,90.95,38,80,3.69
464,Patos,BR,2021-05-26 04:05:07,-7.0244,-37.28,69.84,81,4,9.04
465,Lumding,IN,2021-05-26 04:05:50,25.7535,93.1732,84.16,76,98,2.24
466,Tammisaari,FI,2021-05-26 04:05:51,59.9736,23.4339,51.94,77,100,19.35
467,Ilebo,CD,2021-05-26 04:05:51,-4.3167,20.5833,66.65,72,58,2.01
468,Buckeye,US,2021-05-26 04:05:52,33.3703,-112.5838,88.59,11,84,5.23
469,Aguimes,ES,2021-05-26 04:05:52,27.9054,-15.4461,63.23,59,75,21.85
470,Shwebo,MM,2021-05-26 04:05:52,22.5667,95.7,92.91,41,80,15.3
471,Cayenne,GF,2021-05-26 04:00:59,4.9333,-52.3333,78.1,90,75,1.01
472,Dolinsk,RU,2021-05-26 04:05:53,47.35,142.8,44.46,99,100,7.65
473,Ust-Uda,RU,2021-05-26 04:05:54,54.1742,103.0304,54.37,50,100,9.31
474,Alenquer,BR,2021-05-26 04:05:54,-1.9417,-54.7383,77.34,85,44,2.84
475,Ratnapura,LK,2021-05-26 04:05:54,6.6828,80.3992,81.39,87,100,8.88
476,Letpadan,MM,2021-05-26 04:05:55,17.7833,95.75,77.41,93,100,12.3
477,Yulin,CN,2021-05-26 04:05:55,22.6333,110.15,88.3,66,53,11.45
478,Kondinskoye,RU,2021-05-26 04:05:55,59.6481,67.41,55.63,86,100,8.66
479,Manitouwadge,CA,2021-05-26 04:05:56,49.1215,-85.8403,56.86,86,77,14.07
480,Mae Sai,TH,2021-05-26 04:04:26,20.4335,99.8762,90.19,56,79,3.11
481,Morro Bay,US,2021-05-26 04:05:56,35.3658,-120.8499,67.08,78,74,5.01
482,Mehran,IR,2021-05-26 04:05:57,33.1222,46.1646,78.28,18,4,5.91
483,Beringovskiy,RU,2021-05-26 04:05:57,63.05,179.3167,32.41,98,100,6.22
484,Dicabisagan,PH,2021-05-26 04:05:58,17.0818,122.4157,90.32,53,14,7.81
485,Hadsund,DK,2021-05-26 04:05:58,56.7148,10.1168,49.89,97,100,8.7
486,Nevelsk,RU,2021-05-26 04:05:59,46.6733,141.8633,43.23,92,100,8.46
487,Carutapera,BR,2021-05-26 04:05:59,-1.195,-46.02,76.48,91,52,6.42
488,Moyale,KE,2021-05-26 04:05:59,3.5167,39.0584,63.61,85,83,5.77
489,Mocuba,MZ,2021-05-26 04:06:00,-16.8392,36.9856,57.49,95,9,2.98
490,Lloydminster,CA,2021-05-26 04:06:00,53.2835,-110.0016,42.57,63,100,6.42
491,Ayna,PE,2021-05-26 04:06:00,-12.65,-73.9167,55.2,92,71,3.15
492,Camacha,PT,2021-05-26 04:04:24,33.0833,-16.3333,61.56,63,75,13.8
493,Pacific Grove,US,2021-05-26 04:01:51,36.6177,-121.9166,59.22,85,13,1.99
494,Lagoa,PT,2021-05-26 04:06:01,39.05,-27.9833,63.27,93,100,19.37
495,Djibo,BF,2021-05-26 04:06:02,14.1022,-1.6306,91.76,38,91,11.92
496,Okha,RU,2021-05-26 04:06:02,53.5739,142.9478,40.87,69,100,9.33
497,Maceio,BR,2021-05-26 04:02:00,-9.6658,-35.7353,74.64,94,40,12.88
498,Bathsheba,BB,2021-05-26 04:06:03,13.2167,-59.5167,79.93,75,56,14.03
499,Nisia Floresta,BR,2021-05-26 04:06:03,-6.0911,-35.2086,74.21,94,20,7.9
500,Baghdad,IQ,2021-05-26 04:06:03,33.3406,44.4009,80.51,34,0,3.29
501,Normandin,CA,2021-05-26 04:06:04,48.8333,-72.5321,58.95,96,94,4.14
502,Papar,MY,2021-05-26 04:06:04,5.7333,115.9333,91.4,58,41,5.79
503,Portmarnock,IE,2021-05-26 04:06:05,53.4231,-6.1375,45.97,93,75,8.01
504,Broken Hill,AU,2021-05-26 04:06:05,-31.95,141.4333,60.24,39,15,13.33
505,Oussouye,SN,2021-05-26 04:06:05,12.485,-16.5469,73.81,79,90,3.67
506,Weligama,LK,2021-05-26 04:06:06,5.9667,80.4167,81.73,83,100,18.03
507,Puerto Leguizamo,CO,2021-05-26 04:06:06,-0.1934,-74.7819,71.64,99,93,2.37
508,Ust-Tarka,RU,2021-05-26 04:06:07,55.5672,75.705,76.14,50,38,9.04
509,Sokoto,NG,2021-05-26 04:06:07,13.0609,5.239,83.25,37,73,7.2
510,Santo Domingo,DO,2021-05-26 04:06:07,18.5001,-69.9886,79.03,82,56,3.0
511,Lebu,CL,2021-05-26 04:06:08,-37.6167,-73.65,53.47,90,86,5.17
512,Beidao,CN,2021-05-26 04:06:08,34.5686,105.8933,78.26,25,97,10.18
513,Lashio,MM,2021-05-26 04:06:08,22.9333,97.75,80.6,70,100,3.96
514,Pingliang,CN,2021-05-26 04:06:09,35.5392,106.6861,74.12,18,58,28.21
515,Namanyere,TZ,2021-05-26 04:06:09,-7.5167,31.05,53.01,89,2,4.68
516,Oktyabrskiy,RU,2021-05-26 04:06:10,54.4815,53.471,58.75,67,27,9.55
517,Krasnoselkup,RU,2021-05-26 04:06:10,65.7,82.4667,37.9,41,16,8.28
518,Sierra Vista,US,2021-05-26 04:06:10,31.5545,-110.3037,77.05,12,1,14.97
519,Salalah,OM,2021-05-26 04:06:11,17.0151,54.0924,84.29,70,20,6.91
520,Saint-Leu,RE,2021-05-26 04:01:59,-21.15,55.2833,72.43,72,2,2.77
521,Kloulklubed,PW,2021-05-26 04:06:11,7.0419,134.2556,82.9,70,98,3.02
522,Mitzic,GA,2021-05-26 04:06:12,0.7821,11.549,68.85,98,90,3.09
523,Avera,US,2021-05-26 04:06:12,33.194,-82.5271,80.53,50,79,6.4
524,Portland,US,2021-05-26 04:01:27,45.5234,-122.6762,57.78,80,90,1.01
525,Rio Cuarto,AR,2021-05-26 04:06:13,-33.1307,-64.3499,47.84,62,33,11.45
526,Collie,AU,2021-05-26 04:06:13,-33.3667,116.15,58.98,46,100,7.92
527,East Millcreek,US,2021-05-26 04:06:13,40.7,-111.8105,67.95,38,75,3.94
528,Svetlogorsk,BY,2021-05-26 04:06:14,52.6333,29.7333,56.44,94,97,12.26
529,San Luis,AR,2021-05-26 04:06:14,-33.295,-66.3356,54.45,38,40,14.41
530,Ancud,CL,2021-05-26 04:06:15,-41.8697,-73.8203,54.93,92,100,10.51
531,The Valley,AI,2021-05-26 04:06:15,18.217,-63.0578,80.82,75,62,18.14
532,Price,US,2021-05-26 04:06:15,39.5994,-110.8107,63.66,17,1,6.91
533,Khani,GE,2021-05-26 04:06:16,41.9563,42.9566,51.37,84,11,1.3
534,Meadow Lake,US,2021-05-26 04:06:16,34.8014,-106.5436,73.8,11,75,7.94
535,Pontianak,ID,2021-05-26 04:06:17,-0.0333,109.3333,91.38,66,75,1.36
536,Shuangyang,CN,2021-05-26 04:06:17,43.5242,125.6736,67.75,26,100,10.09
537,Aksarka,RU,2021-05-26 04:06:17,66.5606,67.7975,37.33,73,100,14.45
538,Challans,FR,2021-05-26 04:06:18,46.8436,-1.8749,53.96,84,92,16.55
539,Westlock,CA,2021-05-26 04:06:18,54.1502,-113.8688,45.1,66,100,7.07
540,Leh,IN,2021-05-26 04:03:18,34.1667,77.5833,44.51,44,80,0.4
541,Asosa,ET,2021-05-26 04:06:19,10.0667,34.5333,65.25,70,24,1.99
542,Leningradskiy,RU,2021-05-26 04:06:19,69.3833,178.4167,37.08,84,29,10.76
543,Jingdezhen,CN,2021-05-26 04:06:19,29.2947,117.2079,77.52,92,98,6.8
544,Marzuq,YE,2021-05-26 04:06:20,14.4,46.4667,79.56,43,53,3.96
545,Labuhan,ID,2021-05-26 04:06:20,-6.8844,112.2051,88.09,62,32,12.46
546,Muroto,JP,2021-05-26 04:06:21,33.2833,134.15,69.71,66,100,8.21
547,Honiara,SB,2021-05-26 04:05:04,-9.4333,159.95,83.26,73,100,1.52
548,Nurota,UZ,2021-05-26 04:06:21,40.5614,65.6886,82.49,17,44,10.6
549,Gasa,PS,2021-05-26 04:06:22,31.5,34.4667,67.98,64,0,0.27
550,Hanna,CA,2021-05-26 04:06:22,51.6334,-111.9018,43.88,76,100,3.0
551,Te Anau,NZ,2021-05-26 04:03:27,-45.4167,167.7167,50.5,70,55,3.13
552,Flin Flon,CA,2021-05-26 04:06:22,54.7682,-101.865,32.43,55,50,9.22
553,Denpasar,ID,2021-05-26 04:04:25,-8.65,115.2167,85.66,74,20,10.54
554,Tuatapere,NZ,2021-05-26 04:06:23,-46.1333,167.6833,49.82,68,98,0.92
555,Sungaipenuh,ID,2021-05-26 04:06:23,-2.0833,101.3833,80.49,61,92,1.52
556,Chulucanas,PE,2021-05-26 04:06:24,-5.0925,-80.1625,74.25,75,59,2.57
557,Ilorin,NG,2021-05-26 04:06:24,8.5,4.55,74.1,94,31,9.06
558,Mimongo,GA,2021-05-26 04:06:24,-1.6195,11.6068,69.62,98,91,1.48
559,Escarcega,MX,2021-05-26 04:06:25,18.6089,-90.7454,77.31,75,99,4.36
560,Jinka,ET,2021-05-26 04:06:25,5.65,36.65,61.27,88,39,3.27
561,Shenjiamen,CN,2021-05-26 04:06:26,29.9576,122.298,68.43,96,99,14.72
562,Palmer,US,2021-05-26 04:02:47,42.1584,-72.3287,66.2,77,1,1.01
563,Apac,UG,2021-05-26 04:06:26,1.9756,32.5386,63.23,94,44,2.68
564,Samarinda,ID,2021-05-26 04:01:32,-0.5,117.15,91.96,52,99,3.71
565,Naze,JP,2021-05-26 04:06:27,28.3667,129.4833,63.52,67,100,6.46
566,Guanica,PR,2021-05-26 04:06:27,17.9716,-66.908,80.26,78,51,1.01
567,Olinda,BR,2021-05-26 04:03:15,-8.0089,-34.8553,78.53,73,75,11.74
568,Orodara,BF,2021-05-26 04:06:28,10.9492,-4.9342,75.58,68,28,4.59
569,Turbana,CO,2021-05-26 04:06:28,10.2717,-75.4422,79.61,89,100,3.36
570,Russell,US,2021-05-26 04:06:28,32.3502,-85.1999,76.23,89,1,3.49
571,Kiama,AU,2021-05-26 04:06:29,-34.6833,150.8667,70.57,47,0,10.0
572,Jining,CN,2021-05-26 04:06:29,35.405,116.5814,83.93,39,74,21.18
573,Qaqortoq,GL,2021-05-26 04:06:29,60.7167,-46.0333,36.1,71,78,4.38
574,Kamenka,RU,2021-05-26 04:06:30,51.3223,42.7678,60.1,69,43,7.27
575,Calmar,CA,2021-05-26 04:06:30,53.2668,-113.8187,48.51,75,100,7.38
576,Orlik,RU,2021-05-26 04:06:31,52.5178,99.825,42.37,97,100,1.21
577,Juneau,US,2021-05-26 04:04:45,58.3019,-134.4197,53.65,88,75,5.01
578,Aranos,NA,2021-05-26 04:06:31,-24.1333,19.1167,53.82,43,0,8.21
579,Alice Springs,AU,2021-05-26 04:06:32,-23.7,133.8833,60.35,33,90,18.25
580,Acarau,BR,2021-05-26 04:06:32,-2.8856,-40.12,76.41,84,84,11.21
581,Guayaramerin,BO,2021-05-26 04:06:32,-10.8368,-65.3614,74.82,82,96,1.68
582,Albanel,CA,2021-05-26 04:06:33,48.8832,-72.4487,58.08,96,95,4.34
583,Goma,CD,2021-05-26 04:06:33,-1.6792,29.2228,61.72,92,79,2.44
584,Chiredzi,ZW,2021-05-26 04:06:34,-21.05,31.6667,52.7,65,0,2.57
585,Anqiu,CN,2021-05-26 04:06:34,36.4342,119.1925,82.13,41,85,26.02
586,Ifakara,TZ,2021-05-26 04:06:34,-8.1333,36.6833,66.83,76,95,1.79
587,Grand-Lahou,CI,2021-05-26 04:06:35,5.1367,-5.0242,79.61,86,99,6.93
588,Vestmanna,FO,2021-05-26 04:06:35,62.1564,-7.1664,41.92,87,20,11.86
589,Aswan,EG,2021-05-26 04:05:26,24.0934,32.907,81.81,20,0,7.07
590,Kutum,SD,2021-05-26 04:06:36,14.2,24.6667,77.11,35,56,5.06
591,Yarmouth,US,2021-05-26 04:06:36,41.7057,-70.2286,60.1,74,1,8.99
592,Cabimas,VE,2021-05-26 04:06:15,10.3883,-71.4399,82.18,77,97,5.66
593,Ust-Tsilma,RU,2021-05-26 04:06:37,65.441,52.1498,36.66,49,99,9.55
594,Quang Ngai,VN,2021-05-26 04:06:37,15.1167,108.8,93.54,51,6,9.13
595,Campo Grande,BR,2021-05-26 04:06:38,-20.4428,-54.6464,67.55,60,0,6.91
